{"epoch": 1, "sup_loss": 5.023852348327637, "_timestamp": 1707973415.8858593, "_runtime": 364.4232883453369, "_step": 393, "_wandb": {"runtime": 365}}