{"epoch": 1, "sup_loss": 4.200869560241699, "_timestamp": 1707973973.1539419, "_runtime": 461.0669548511505, "_step": 696}